element,min_wvl,max_wvl
Sr,421.157,422.0267
Sr,407.4941,408.30685
Sr,460.49597,461.44446
Ba,454.92502,456.47375
Ba,552.57953,554.79468
Li,607.52106,611.87744
Li,667.9876,674.39886
Li,460.1156,460.45798
Cr,425.39478,425.90991
Cr,427.4504,427.83438
Rb,779.23193,781.28741
Rb,793.58362,796.64783
H,652.97687,663.70605
