NC,RMSEC (wt.%)
1,0.61888559912176999
2,0.46362592646761064
3,0.43638450599703243
4,0.40793994884658447
5,0.38720871049004202
6,0.37664151713506777
7,0.36114977526667169
8,0.35286857093105917
9,0.34853927430879256
10,0.33013959645889807
11,0.32362999947866766
12,0.31407198112721785
13,0.30613402604057405
14,0.30019357768389127
15,0.29725553540233368
16,0.29155376557867402
17,0.28498825912609549
18,0.27945067162377046
19,0.27104270114231249
20,0.26432949972738345
