NC,RMSECV (wt.%)
1,0.63258200880041726
2,0.47089545092768553
3,0.44872912024468992
4,0.4309279674912429
5,0.41727377550444894
6,0.40190738087070993
7,0.39062766183302594
8,0.38920242281743667
9,0.38503110410051666
10,0.38589691439029167
11,0.38597573141025132
12,0.38961678554047768
13,0.38646186103124652
14,0.38657030670124803
15,0.38952111909890663
16,0.39552483428397495
17,0.40427401297068949
18,0.41858604309250524
19,0.44085621719872609
20,0.4519159092447762
