NC,RMSEC (wt.%)
1,3.6346119538804316
2,2.7153117738740651
3,2.2002382421081323
4,1.9174387332800225
5,1.5900909109450001
6,1.4265635402291608
7,1.3388641483382162
8,1.3149713428021825
9,1.28009039868119
10,1.2533693654607612
