NC,RMSEC (wt.%)
1,0.64901125830874695
2,0.50906171098125952
3,0.45254563292686562
4,0.43014125481890847
5,0.4078827946414505
6,0.3933516385963754
7,0.37832937301508573
8,0.36370702384744158
9,0.35741828474795218
10,0.34091995128164415
11,0.33349062801960866
12,0.32714570487112254
13,0.32286099719585243
14,0.31333594134893539
15,0.30745348009501461
16,0.3012820213744476
17,0.29041568697454639
18,0.2869001727766553
19,0.28386761907048447
20,0.2771487263469265
