NC,RMSECV (wt.%)
1,3.9700610902564066
2,2.8384131360511953
3,2.3393028569711474
4,2.0804006383053437
5,1.7408634185662781
6,1.5971055488766974
7,1.5235502863988724
8,1.5054414154185665
9,1.5013673271408499
10,1.4816359730560416
11,1.4582644356596808
12,1.4679484223879022
13,1.457703401897414
14,1.4757689436291128
15,1.4661438936880191
16,1.4639014455469328
17,1.4698360194782396
18,1.466570190448679
19,1.4387664490223511
20,1.409605139124565
