NC,RMSEP (wt.%)
1,4.1375069242798279
2,3.6344283628504215
3,3.5125175388778502
4,2.4368428138590543
5,1.9877599656416065
6,1.7597625931835286
7,1.6576083292385773
8,1.5447673703078451
9,1.4731908470934241
10,1.531365340962574
11,1.474127985993211
12,1.2811780074732297
13,1.2593156472598181
14,1.22891206593932
15,1.223888642548763
16,1.1661061330288987
17,1.1774463027091426
18,1.1982318204535589
19,1.2172517282512632
20,1.2399809108472923
