NC,RMSECV (wt.%)
1,3.8944040975364054
2,3.4481636432821388
3,3.0118390850851071
4,2.4171975617944788
5,2.1767957450294784
6,1.9081042064368916
7,1.7605537225073105
8,1.6790533880590666
9,1.6364044887770606
10,1.5687499670288272
11,1.5232379621104921
12,1.4654346327083299
13,1.4471212802461113
14,1.4110951351839087
15,1.3871421948373994
16,1.3847104745206242
17,1.4169976154174979
18,1.4346167214794723
19,1.4291765327797026
20,1.4293961813977805
