NC,RMSEP (wt.%)
1,0.68111619013277602
2,0.60326336447302609
3,0.63533273254210887
4,0.62061316254528598
5,0.57548700795121566
6,0.51972513743495852
7,0.47957750407023791
8,0.46106451209710508
9,0.47628262676736471
10,0.40092385965342114
11,0.44991033956957444
12,0.446258589988409
13,0.45667608402235765
14,0.48331797282874855
15,0.49513834554389369
16,0.53547127253393967
17,0.56649660471511487
18,0.57354787468256518
19,0.57774944511600734
20,0.58714702799757201
