NC,RMSEC (wt.%)
1,3.6346119538804316
2,2.7153117738740651
3,2.2002382421081323
4,1.9174387332800225
5,1.5900909109450005
6,1.4265635402291605
7,1.3388641483382167
8,1.3149713428021832
9,1.28009039868119
10,1.2533693654607612
11,1.206736574414381
12,1.1887920289978098
13,1.1746368168286672
14,1.1393661041161847
15,1.1068136654906608
16,1.0753101459195697
17,1.0322615475306658
18,1.0092613311087946
19,0.98299342341544416
20,0.96373081747482092
