NC,RMSEP (wt.%)
1,0.64942682173709942
2,0.59912588195160044
3,0.62101841368759625
4,0.57152739403520647
5,0.57553481198358447
6,0.56883809323893852
7,0.5282688108791429
8,0.46664172298054807
9,0.47348239879145915
10,0.45770048045979983
11,0.44905823917788606
12,0.44091295103149769
13,0.48545374732586427
14,0.51195377207413306
15,0.52480949471894456
16,0.51067452778719991
17,0.5053113769551254
18,0.5277452948619461
19,0.49968120728533805
20,0.49982645444181412
