NC,RMSECV (wt.%)
1,11.008092600338049
2,9.1191497503633716
3,8.12966766419318
4,6.9931112537990581
5,6.5986286010455855
6,6.3440124864691381
7,6.2341077342633522
8,6.1816324966492964
9,6.1222365217865731
10,6.3315574362825107
11,6.3601537192692685
12,6.0636944503615364
13,5.9446176749236672
14,5.8624933432175297
15,5.8087114471613148
16,5.7508375615909841
17,5.761801958183641
18,5.5853435247908125
19,5.566425770047231
20,5.5331832763158415
