NC,RMSEP (wt.%)
1,8.1415865059824917
2,5.0468694889575696
3,2.8678052670726659
4,3.7296490905857045
5,3.7668593934920249
6,2.0810860172408159
7,1.6346639439449175
8,1.9115203220262511
9,2.3001829311407702
10,2.0907175029650924
11,2.6821914943100302
12,3.3549974023788627
13,3.3412993578317209
14,3.3512199421224333
15,3.5201074433918715
16,3.001744290926621
17,3.1325404627069711
18,3.0228459121340592
19,3.0202119084593084
20,3.102608733907708
