NC,RMSEP (wt.%)
1,5.6417728800388218
2,1.8050977597341085
3,1.8244438305400084
4,2.2025757670037338
5,2.4517738722036895
6,1.9002529811455375
7,1.9097803172313439
8,2.0769754776731966
9,1.2686792314989834
10,1.49675825442523
11,3.0652540402368467
12,4.646595043017542
13,6.4175904266554253
14,7.9637218911975403
15,8.8756090828360179
16,10.134194532062788
17,11.416080545166361
18,12.89170087749692
19,14.565659813333898
20,16.15084145454016
