NC,RMSECV (wt.%)
1,6.3135545369234718
2,5.6369949447431926
3,5.4472297564185146
4,4.8795208912434616
5,4.6826461632117402
6,4.3158577320645337
7,4.3216726157128171
8,4.3816003698558994
9,4.4366504027322859
10,4.3993718042118806
11,4.3132291826050908
12,4.2531344552385644
13,4.1248422533934219
14,3.9705117555242908
15,3.8538697915724023
16,3.7994694175054469
17,3.7653623822819546
18,3.7331331253443332
19,3.7136684838188718
20,3.7904135829415693
