NC,RMSEC (wt.%)
1,9.9496054699844727
2,7.4756040774229122
3,4.4820716124998761
4,3.4789635748032737
5,3.2070397265856023
6,2.5603120863269662
7,2.186584260487793
8,2.021145843788942
9,1.8714332856092197
10,1.7577010377433779
11,1.6562936412712712
12,1.4404743688239467
13,1.3321367320269397
14,1.2489004975747795
15,1.188931211907952
16,1.1038094033304962
17,1.037368100253371
18,0.96219663649900233
19,0.92390618346218667
20,0.86236909571725262
