NC,RMSEC (wt.%)
1,9.2515389993449748
2,8.4527367054680962
3,6.9546031141465088
4,6.5551223021618323
5,6.3868369547176629
