NC,RMSEC (wt.%)
1,5.4072277321993285
2,5.0551145295464641
3,4.4090561604145391
4,4.037674911708109
5,3.7978925255530589
6,3.700252493462175
7,3.5698620080208485
8,3.3681874989694665
9,3.2746495592097982
10,3.1900506968386089
11,3.1196148229250591
12,2.9640057864908553
13,2.8930923538148385
14,2.8572825716817452
15,2.8108201297485764
16,2.7413986104777419
17,2.6942718418589346
18,2.6495057079404862
19,2.6013920526736043
20,2.5425866597373976
