NC,RMSEP (wt.%)
1,5.5374416944144826
2,4.6435556622610141
3,4.5360492530327887
4,4.2427113892975399
5,4.4337748937715125
6,4.2792605779527406
7,4.4349275014179508
8,4.3182112391141647
9,4.4383330674958028
10,4.5001368914223097
11,4.43805514788205
12,4.299953442998941
13,4.4280906204119104
14,4.4996362889174559
15,4.5911957386770608
16,4.3855446167427905
17,4.4593268370912753
18,4.527032076062766
19,4.5627936818844015
20,4.6225124142634977
