NC,RMSEP (wt.%)
1,7.0487430232708892
2,6.7732147506469333
3,5.6323933544247025
4,4.9276571389055182
5,4.257530298685321
6,4.3606151110627591
7,4.2679399401092075
8,4.2622470115421347
9,4.3562139430273588
10,4.269123409269608
11,4.450671143632869
12,4.2906242442490123
13,3.9743578941063467
14,4.0717984556730284
15,4.0642209262298987
16,4.2681338313242412
17,4.1245095690048093
18,4.1019766690879358
19,4.0864526664090155
20,3.9826878562518329
