NC,RMSEC (wt.%)
1,6.0576726739225153
2,5.4809686299184577
3,4.6829859593690193
4,4.0786683439270082
5,3.708250406828733
6,3.5949657355882656
7,3.4566347705529674
8,3.3828515237508863
9,3.2276528806007367
10,3.1646204680412904
11,3.060600644827788
12,3.0035298997738034
13,2.9116063153326381
14,2.8233599366027695
15,2.7626266957365773
16,2.6856517950866023
17,2.6090933391491236
18,2.5730627837794633
19,2.526882473210831
20,2.4899155040349985
