NC,RMSECV (wt.%)
1,10.314850912077251
2,8.3968091597846488
3,6.7785926621875907
4,5.9937266265561071
5,5.8472497010419984
