NC,RMSEP (wt.%)
1,10.192995591088884
2,8.0780108743666563
3,6.3509120532411591
4,5.5584723922228259
5,5.3331624057513611
