NC,RMSEC (wt.%)
1,8.6033610735412633
2,4.5551110332406841
3,3.8243562257795811
4,3.3155790634566049
5,2.7263269863620971
6,2.3486390547526592
7,2.2648100882797801
8,2.1090482841847025
9,1.8789743332062174
10,1.6807190880681318
11,1.5868199062912345
12,1.510133392195369
13,1.4132224468669323
14,1.2878329921310778
15,1.1951210018875764
16,1.097176012200155
17,0.9826957195110374
18,0.87918840205438531
19,0.82370171557095517
20,0.76927189208154712
