NC,RMSEC (wt.%)
1,10.192995591088884
2,8.0780108743666563
3,6.3509120532411591
4,5.5584723922228259
5,5.3331624057513611
6,5.2130059623974878
7,4.9688802469569806
8,4.8066777878895506
9,4.4851714522850887
10,4.3610569640627519
11,4.1940832638730834
12,4.0717837804209331
13,3.9668035147799898
14,3.8919030053802768
15,3.7637327558958615
16,3.6535527860543051
17,3.5441806012473309
18,3.4722701360235089
19,3.3748278954558821
20,3.3277122177369107
