NC,RMSEC (wt.%)
1,10.845861458013424
2,8.7429108470285399
3,7.923425453602488
4,6.6580605414467646
5,6.2431635478287912
6,5.8954840930993075
7,5.6253019783422644
8,5.4810275413314224
9,5.3844313780893938
10,5.0467892973533415
11,4.8304590969536498
12,4.6461338860766181
13,4.4959705830399237
14,4.298973666719955
15,4.0834035165861851
16,3.9898994301402011
17,3.8346404544513448
18,3.7284313249154675
19,3.6174553564913929
20,3.5389278761578504
