NC,RMSEC (wt.%)
1,6.1985683956539654
2,5.4030570925144294
3,5.1622024053102118
4,4.4178412413569461
5,4.1660758823633026
6,3.8088182784259192
7,3.7208828791900301
8,3.5284289351377529
9,3.4007920902739808
10,3.2805257782055062
11,3.1152809332781
12,3.0158585343399378
13,2.8734105800243683
14,2.7480349514597369
15,2.696878645837804
16,2.6274307726497734
17,2.5661014790828545
18,2.5407678047902928
19,2.4427354863646742
20,2.3756493761223494
