NC,RMSEC (wt.%)
1,5.9439492755012013
2,4.8908982379275816
3,4.384585172417248
4,3.9031806428734575
5,3.7334250959289346
6,3.6486386990965358
7,3.4711730753410555
8,3.4178305832239304
9,3.249931977751451
10,3.1667645643027438
11,3.0645079279511833
12,2.981198477231974
13,2.8650124340865979
14,2.7839551744055178
15,2.7317837110405119
16,2.6436540977395824
17,2.5973115636767625
18,2.5225087568290263
19,2.4393604441821632
20,2.3504791227840229
