NC,RMSECV (wt.%)
1,10.314850912077251
2,8.3968091597846488
3,6.7785926621875907
4,5.9937266265561071
5,5.8472497010420001
6,5.6904150845423018
7,5.5190430316148182
8,5.4025422212342766
9,5.3886112947028995
10,5.2399751199142957
