NC,RMSEP (wt.%)
1,9.7915543555272517
2,8.3510713578844129
3,7.4266882123289646
4,6.5360534010382301
5,6.2695226678851492
6,6.1460070941946281
7,5.6605357648687873
8,5.6257943987335199
9,5.3982452875682254
10,5.5729284132335319
11,5.5370310989579359
12,5.5209609456271425
13,5.3689264941265797
14,4.9393814566411418
15,4.9548531910176061
16,5.2318908113525628
17,5.4562424618076975
18,5.4930708310165306
19,5.0896562064252899
20,5.1966054297423447
