NC,RMSECV (wt.%)
1,6.1921375383317789
2,5.6192015523975369
3,4.9434027362157389
4,4.4738245146122466
5,4.1649132900430281
6,4.0008366199073038
7,3.9042113071982438
8,3.8650367139135486
9,3.9098827666369496
10,3.8870157235130991
11,3.7527118922123406
12,3.60068438962641
13,3.6642930469255499
14,3.6309484852037786
15,3.6503697507684709
16,3.5808147518551539
17,3.6020074567504792
18,3.5913596369137228
19,3.6030778421928162
20,3.5620549783759214
