NC,RMSEP (wt.%)
1,5.9321893854124754
2,4.7060621267614273
3,4.579315569029875
4,4.373566582601196
5,4.0427165239606326
6,4.1315916442946499
7,4.0953871978265841
8,3.8671794702122568
9,3.934916889455141
10,4.1477792375104174
11,3.7784199911520311
12,3.8174090154345679
13,3.6977254396568222
14,3.7845624483668976
15,3.7656674634865013
16,3.8419371126850637
17,3.8608107040844875
18,3.8788400169690695
19,4.224168933991403
20,4.3256851971888874
